hole_card,round_state,action,amount
"['SK', 'S4']","{""street"": ""preflop"", ""pot"": {""main"": {""amount"": 15}, ""side"": []}, ""community_card"": [], ""dealer_btn"": 0, ""next_player"": 3, ""small_blind_pos"": 1, ""big_blind_pos"": 2, ""round_count"": 1, ""small_blind_amount"": 5, ""seats"": [{""name"": ""fish"", ""uuid"": ""jmnttlowruuvdfaaopdybc"", ""stack"": 100, ""state"": ""participating""}, {""name"": ""folder"", ""uuid"": ""qqyvdywyqoafnwtbortvpb"", ""stack"": 95, ""state"": ""participating""}, {""name"": ""raiser"", ""uuid"": ""oorgdkzpeqtnyehwrmiecg"", ""stack"": 90, ""state"": ""participating""}, {""name"": ""random"", ""uuid"": ""rbcayplffwefupezdtgfit"", ""stack"": 100, ""state"": ""participating""}], ""action_histories"": {""preflop"": [{""action"": ""SMALLBLIND"", ""amount"": 5, ""add_amount"": 5, ""uuid"": ""qqyvdywyqoafnwtbortvpb""}, {""action"": ""BIGBLIND"", ""amount"": 10, ""add_amount"": 5, ""uuid"": ""oorgdkzpeqtnyehwrmiecg""}]}}",fold,0
"['CT', 'H6']","{""street"": ""preflop"", ""pot"": {""main"": {""amount"": 15}, ""side"": []}, ""community_card"": [], ""dealer_btn"": 0, ""next_player"": 0, ""small_blind_pos"": 1, ""big_blind_pos"": 2, ""round_count"": 1, ""small_blind_amount"": 5, ""seats"": [{""name"": ""fish"", ""uuid"": ""jmnttlowruuvdfaaopdybc"", ""stack"": 100, ""state"": ""participating""}, {""name"": ""folder"", ""uuid"": ""qqyvdywyqoafnwtbortvpb"", ""stack"": 95, ""state"": ""participating""}, {""name"": ""raiser"", ""uuid"": ""oorgdkzpeqtnyehwrmiecg"", ""stack"": 90, ""state"": ""participating""}, {""name"": ""random"", ""uuid"": ""rbcayplffwefupezdtgfit"", ""stack"": 100, ""state"": ""folded""}], ""action_histories"": {""preflop"": [{""action"": ""SMALLBLIND"", ""amount"": 5, ""add_amount"": 5, ""uuid"": ""qqyvdywyqoafnwtbortvpb""}, {""action"": ""BIGBLIND"", ""amount"": 10, ""add_amount"": 5, ""uuid"": ""oorgdkzpeqtnyehwrmiecg""}, {""action"": ""FOLD"", ""uuid"": ""rbcayplffwefupezdtgfit""}]}}",call,10
"['S2', 'C2']","{""street"": ""preflop"", ""pot"": {""main"": {""amount"": 25}, ""side"": []}, ""community_card"": [], ""dealer_btn"": 0, ""next_player"": 1, ""small_blind_pos"": 1, ""big_blind_pos"": 2, ""round_count"": 1, ""small_blind_amount"": 5, ""seats"": [{""name"": ""fish"", ""uuid"": ""jmnttlowruuvdfaaopdybc"", ""stack"": 90, ""state"": ""participating""}, {""name"": ""folder"", ""uuid"": ""qqyvdywyqoafnwtbortvpb"", ""stack"": 95, ""state"": ""participating""}, {""name"": ""raiser"", ""uuid"": ""oorgdkzpeqtnyehwrmiecg"", ""stack"": 90, ""state"": ""participating""}, {""name"": ""random"", ""uuid"": ""rbcayplffwefupezdtgfit"", ""stack"": 100, ""state"": ""folded""}], ""action_histories"": {""preflop"": [{""action"": ""SMALLBLIND"", ""amount"": 5, ""add_amount"": 5, ""uuid"": ""qqyvdywyqoafnwtbortvpb""}, {""action"": ""BIGBLIND"", ""amount"": 10, ""add_amount"": 5, ""uuid"": ""oorgdkzpeqtnyehwrmiecg""}, {""action"": ""FOLD"", ""uuid"": ""rbcayplffwefupezdtgfit""}, {""action"": ""CALL"", ""amount"": 10, ""paid"": 10, ""uuid"": ""jmnttlowruuvdfaaopdybc""}]}}",fold,0
"['HJ', 'C5']","{""street"": ""preflop"", ""pot"": {""main"": {""amount"": 25}, ""side"": []}, ""community_card"": [], ""dealer_btn"": 0, ""next_player"": 2, ""small_blind_pos"": 1, ""big_blind_pos"": 2, ""round_count"": 1, ""small_blind_amount"": 5, ""seats"": [{""name"": ""fish"", ""uuid"": ""jmnttlowruuvdfaaopdybc"", ""stack"": 90, ""state"": ""participating""}, {""name"": ""folder"", ""uuid"": ""qqyvdywyqoafnwtbortvpb"", ""stack"": 95, ""state"": ""folded""}, {""name"": ""raiser"", ""uuid"": ""oorgdkzpeqtnyehwrmiecg"", ""stack"": 90, ""state"": ""participating""}, {""name"": ""random"", ""uuid"": ""rbcayplffwefupezdtgfit"", ""stack"": 100, ""state"": ""folded""}], ""action_histories"": {""preflop"": [{""action"": ""SMALLBLIND"", ""amount"": 5, ""add_amount"": 5, ""uuid"": ""qqyvdywyqoafnwtbortvpb""}, {""action"": ""BIGBLIND"", ""amount"": 10, ""add_amount"": 5, ""uuid"": ""oorgdkzpeqtnyehwrmiecg""}, {""action"": ""FOLD"", ""uuid"": ""rbcayplffwefupezdtgfit""}, {""action"": ""CALL"", ""amount"": 10, ""paid"": 10, ""uuid"": ""jmnttlowruuvdfaaopdybc""}, {""action"": ""FOLD"", ""uuid"": ""qqyvdywyqoafnwtbortvpb""}]}}",raise,100
"['CT', 'H6']","{""street"": ""preflop"", ""pot"": {""main"": {""amount"": 115}, ""side"": [{""amount"": 0, ""eligibles"": [""oorgdkzpeqtnyehwrmiecg""]}]}, ""community_card"": [], ""dealer_btn"": 0, ""next_player"": 0, ""small_blind_pos"": 1, ""big_blind_pos"": 2, ""round_count"": 1, ""small_blind_amount"": 5, ""seats"": [{""name"": ""fish"", ""uuid"": ""jmnttlowruuvdfaaopdybc"", ""stack"": 90, ""state"": ""participating""}, {""name"": ""folder"", ""uuid"": ""qqyvdywyqoafnwtbortvpb"", ""stack"": 95, ""state"": ""folded""}, {""name"": ""raiser"", ""uuid"": ""oorgdkzpeqtnyehwrmiecg"", ""stack"": 0, ""state"": ""allin""}, {""name"": ""random"", ""uuid"": ""rbcayplffwefupezdtgfit"", ""stack"": 100, ""state"": ""folded""}], ""action_histories"": {""preflop"": [{""action"": ""SMALLBLIND"", ""amount"": 5, ""add_amount"": 5, ""uuid"": ""qqyvdywyqoafnwtbortvpb""}, {""action"": ""BIGBLIND"", ""amount"": 10, ""add_amount"": 5, ""uuid"": ""oorgdkzpeqtnyehwrmiecg""}, {""action"": ""FOLD"", ""uuid"": ""rbcayplffwefupezdtgfit""}, {""action"": ""CALL"", ""amount"": 10, ""paid"": 10, ""uuid"": ""jmnttlowruuvdfaaopdybc""}, {""action"": ""FOLD"", ""uuid"": ""qqyvdywyqoafnwtbortvpb""}, {""action"": ""RAISE"", ""amount"": 100, ""paid"": 90, ""add_amount"": 90, ""uuid"": ""oorgdkzpeqtnyehwrmiecg""}]}}",call,100
"['SJ', 'H5']","{""street"": ""preflop"", ""pot"": {""main"": {""amount"": 15}, ""side"": []}, ""community_card"": [], ""dealer_btn"": 1, ""next_player"": 1, ""small_blind_pos"": 2, ""big_blind_pos"": 3, ""round_count"": 2, ""small_blind_amount"": 5, ""seats"": [{""name"": ""fish"", ""uuid"": ""jmnttlowruuvdfaaopdybc"", ""stack"": 0, ""state"": ""folded""}, {""name"": ""folder"", ""uuid"": ""qqyvdywyqoafnwtbortvpb"", ""stack"": 95, ""state"": ""participating""}, {""name"": ""raiser"", ""uuid"": ""oorgdkzpeqtnyehwrmiecg"", ""stack"": 200, ""state"": ""participating""}, {""name"": ""random"", ""uuid"": ""rbcayplffwefupezdtgfit"", ""stack"": 90, ""state"": ""participating""}], ""action_histories"": {""preflop"": [{""action"": ""SMALLBLIND"", ""amount"": 5, ""add_amount"": 5, ""uuid"": ""oorgdkzpeqtnyehwrmiecg""}, {""action"": ""BIGBLIND"", ""amount"": 10, ""add_amount"": 5, ""uuid"": ""rbcayplffwefupezdtgfit""}]}}",fold,0
"['H3', 'D5']","{""street"": ""preflop"", ""pot"": {""main"": {""amount"": 15}, ""side"": []}, ""community_card"": [], ""dealer_btn"": 1, ""next_player"": 2, ""small_blind_pos"": 2, ""big_blind_pos"": 3, ""round_count"": 2, ""small_blind_amount"": 5, ""seats"": [{""name"": ""fish"", ""uuid"": ""jmnttlowruuvdfaaopdybc"", ""stack"": 0, ""state"": ""folded""}, {""name"": ""folder"", ""uuid"": ""qqyvdywyqoafnwtbortvpb"", ""stack"": 95, ""state"": ""folded""}, {""name"": ""raiser"", ""uuid"": ""oorgdkzpeqtnyehwrmiecg"", ""stack"": 200, ""state"": ""participating""}, {""name"": ""random"", ""uuid"": ""rbcayplffwefupezdtgfit"", ""stack"": 90, ""state"": ""participating""}], ""action_histories"": {""preflop"": [{""action"": ""SMALLBLIND"", ""amount"": 5, ""add_amount"": 5, ""uuid"": ""oorgdkzpeqtnyehwrmiecg""}, {""action"": ""BIGBLIND"", ""amount"": 10, ""add_amount"": 5, ""uuid"": ""rbcayplffwefupezdtgfit""}, {""action"": ""FOLD"", ""uuid"": ""qqyvdywyqoafnwtbortvpb""}]}}",raise,205
"['C4', 'CJ']","{""street"": ""preflop"", ""pot"": {""main"": {""amount"": 215}, ""side"": [{""amount"": 0, ""eligibles"": [""oorgdkzpeqtnyehwrmiecg""]}]}, ""community_card"": [], ""dealer_btn"": 1, ""next_player"": 3, ""small_blind_pos"": 2, ""big_blind_pos"": 3, ""round_count"": 2, ""small_blind_amount"": 5, ""seats"": [{""name"": ""fish"", ""uuid"": ""jmnttlowruuvdfaaopdybc"", ""stack"": 0, ""state"": ""folded""}, {""name"": ""folder"", ""uuid"": ""qqyvdywyqoafnwtbortvpb"", ""stack"": 95, ""state"": ""folded""}, {""name"": ""raiser"", ""uuid"": ""oorgdkzpeqtnyehwrmiecg"", ""stack"": 0, ""state"": ""allin""}, {""name"": ""random"", ""uuid"": ""rbcayplffwefupezdtgfit"", ""stack"": 90, ""state"": ""participating""}], ""action_histories"": {""preflop"": [{""action"": ""SMALLBLIND"", ""amount"": 5, ""add_amount"": 5, ""uuid"": ""oorgdkzpeqtnyehwrmiecg""}, {""action"": ""BIGBLIND"", ""amount"": 10, ""add_amount"": 5, ""uuid"": ""rbcayplffwefupezdtgfit""}, {""action"": ""FOLD"", ""uuid"": ""qqyvdywyqoafnwtbortvpb""}, {""action"": ""RAISE"", ""amount"": 205, ""paid"": 200, ""add_amount"": 195, ""uuid"": ""oorgdkzpeqtnyehwrmiecg""}]}}",call,205
"['D7', 'CA']","{""street"": ""preflop"", ""pot"": {""main"": {""amount"": 15}, ""side"": []}, ""community_card"": [], ""dealer_btn"": 2, ""next_player"": 2, ""small_blind_pos"": 3, ""big_blind_pos"": 1, ""round_count"": 3, ""small_blind_amount"": 5, ""seats"": [{""name"": ""fish"", ""uuid"": ""jmnttlowruuvdfaaopdybc"", ""stack"": 0, ""state"": ""folded""}, {""name"": ""folder"", ""uuid"": ""qqyvdywyqoafnwtbortvpb"", ""stack"": 85, ""state"": ""participating""}, {""name"": ""raiser"", ""uuid"": ""oorgdkzpeqtnyehwrmiecg"", ""stack"": 105, ""state"": ""participating""}, {""name"": ""random"", ""uuid"": ""rbcayplffwefupezdtgfit"", ""stack"": 195, ""state"": ""participating""}], ""action_histories"": {""preflop"": [{""action"": ""SMALLBLIND"", ""amount"": 5, ""add_amount"": 5, ""uuid"": ""rbcayplffwefupezdtgfit""}, {""action"": ""BIGBLIND"", ""amount"": 10, ""add_amount"": 5, ""uuid"": ""qqyvdywyqoafnwtbortvpb""}]}}",raise,105
"['SA', 'DQ']","{""street"": ""preflop"", ""pot"": {""main"": {""amount"": 120}, ""side"": [{""amount"": 0, ""eligibles"": [""oorgdkzpeqtnyehwrmiecg""]}]}, ""community_card"": [], ""dealer_btn"": 2, ""next_player"": 3, ""small_blind_pos"": 3, ""big_blind_pos"": 1, ""round_count"": 3, ""small_blind_amount"": 5, ""seats"": [{""name"": ""fish"", ""uuid"": ""jmnttlowruuvdfaaopdybc"", ""stack"": 0, ""state"": ""folded""}, {""name"": ""folder"", ""uuid"": ""qqyvdywyqoafnwtbortvpb"", ""stack"": 85, ""state"": ""participating""}, {""name"": ""raiser"", ""uuid"": ""oorgdkzpeqtnyehwrmiecg"", ""stack"": 0, ""state"": ""allin""}, {""name"": ""random"", ""uuid"": ""rbcayplffwefupezdtgfit"", ""stack"": 195, ""state"": ""participating""}], ""action_histories"": {""preflop"": [{""action"": ""SMALLBLIND"", ""amount"": 5, ""add_amount"": 5, ""uuid"": ""rbcayplffwefupezdtgfit""}, {""action"": ""BIGBLIND"", ""amount"": 10, ""add_amount"": 5, ""uuid"": ""qqyvdywyqoafnwtbortvpb""}, {""action"": ""RAISE"", ""amount"": 105, ""paid"": 105, ""add_amount"": 95, ""uuid"": ""oorgdkzpeqtnyehwrmiecg""}]}}",fold,0
"['SQ', 'DA']","{""street"": ""preflop"", ""pot"": {""main"": {""amount"": 120}, ""side"": [{""amount"": 0, ""eligibles"": [""oorgdkzpeqtnyehwrmiecg""]}]}, ""community_card"": [], ""dealer_btn"": 2, ""next_player"": 1, ""small_blind_pos"": 3, ""big_blind_pos"": 1, ""round_count"": 3, ""small_blind_amount"": 5, ""seats"": [{""name"": ""fish"", ""uuid"": ""jmnttlowruuvdfaaopdybc"", ""stack"": 0, ""state"": ""folded""}, {""name"": ""folder"", ""uuid"": ""qqyvdywyqoafnwtbortvpb"", ""stack"": 85, ""state"": ""participating""}, {""name"": ""raiser"", ""uuid"": ""oorgdkzpeqtnyehwrmiecg"", ""stack"": 0, ""state"": ""allin""}, {""name"": ""random"", ""uuid"": ""rbcayplffwefupezdtgfit"", ""stack"": 195, ""state"": ""folded""}], ""action_histories"": {""preflop"": [{""action"": ""SMALLBLIND"", ""amount"": 5, ""add_amount"": 5, ""uuid"": ""rbcayplffwefupezdtgfit""}, {""action"": ""BIGBLIND"", ""amount"": 10, ""add_amount"": 5, ""uuid"": ""qqyvdywyqoafnwtbortvpb""}, {""action"": ""RAISE"", ""amount"": 105, ""paid"": 105, ""add_amount"": 95, ""uuid"": ""oorgdkzpeqtnyehwrmiecg""}, {""action"": ""FOLD"", ""uuid"": ""rbcayplffwefupezdtgfit""}]}}",fold,0
"['S3', 'CJ']","{""street"": ""preflop"", ""pot"": {""main"": {""amount"": 15}, ""side"": []}, ""community_card"": [], ""dealer_btn"": 3, ""next_player"": 3, ""small_blind_pos"": 1, ""big_blind_pos"": 2, ""round_count"": 4, ""small_blind_amount"": 5, ""seats"": [{""name"": ""fish"", ""uuid"": ""jmnttlowruuvdfaaopdybc"", ""stack"": 0, ""state"": ""folded""}, {""name"": ""folder"", ""uuid"": ""qqyvdywyqoafnwtbortvpb"", ""stack"": 80, ""state"": ""participating""}, {""name"": ""raiser"", ""uuid"": ""oorgdkzpeqtnyehwrmiecg"", ""stack"": 110, ""state"": ""participating""}, {""name"": ""random"", ""uuid"": ""rbcayplffwefupezdtgfit"", ""stack"": 195, ""state"": ""participating""}], ""action_histories"": {""preflop"": [{""action"": ""SMALLBLIND"", ""amount"": 5, ""add_amount"": 5, ""uuid"": ""qqyvdywyqoafnwtbortvpb""}, {""action"": ""BIGBLIND"", ""amount"": 10, ""add_amount"": 5, ""uuid"": ""oorgdkzpeqtnyehwrmiecg""}]}}",fold,0
"['S5', 'HK']","{""street"": ""preflop"", ""pot"": {""main"": {""amount"": 15}, ""side"": []}, ""community_card"": [], ""dealer_btn"": 3, ""next_player"": 1, ""small_blind_pos"": 1, ""big_blind_pos"": 2, ""round_count"": 4, ""small_blind_amount"": 5, ""seats"": [{""name"": ""fish"", ""uuid"": ""jmnttlowruuvdfaaopdybc"", ""stack"": 0, ""state"": ""folded""}, {""name"": ""folder"", ""uuid"": ""qqyvdywyqoafnwtbortvpb"", ""stack"": 80, ""state"": ""participating""}, {""name"": ""raiser"", ""uuid"": ""oorgdkzpeqtnyehwrmiecg"", ""stack"": 110, ""state"": ""participating""}, {""name"": ""random"", ""uuid"": ""rbcayplffwefupezdtgfit"", ""stack"": 195, ""state"": ""folded""}], ""action_histories"": {""preflop"": [{""action"": ""SMALLBLIND"", ""amount"": 5, ""add_amount"": 5, ""uuid"": ""qqyvdywyqoafnwtbortvpb""}, {""action"": ""BIGBLIND"", ""amount"": 10, ""add_amount"": 5, ""uuid"": ""oorgdkzpeqtnyehwrmiecg""}, {""action"": ""FOLD"", ""uuid"": ""rbcayplffwefupezdtgfit""}]}}",fold,0
"['HK', 'H8']","{""street"": ""preflop"", ""pot"": {""main"": {""amount"": 15}, ""side"": []}, ""community_card"": [], ""dealer_btn"": 1, ""next_player"": 1, ""small_blind_pos"": 2, ""big_blind_pos"": 3, ""round_count"": 5, ""small_blind_amount"": 5, ""seats"": [{""name"": ""fish"", ""uuid"": ""jmnttlowruuvdfaaopdybc"", ""stack"": 0, ""state"": ""folded""}, {""name"": ""folder"", ""uuid"": ""qqyvdywyqoafnwtbortvpb"", ""stack"": 80, ""state"": ""participating""}, {""name"": ""raiser"", ""uuid"": ""oorgdkzpeqtnyehwrmiecg"", ""stack"": 120, ""state"": ""participating""}, {""name"": ""random"", ""uuid"": ""rbcayplffwefupezdtgfit"", ""stack"": 185, ""state"": ""participating""}], ""action_histories"": {""preflop"": [{""action"": ""SMALLBLIND"", ""amount"": 5, ""add_amount"": 5, ""uuid"": ""oorgdkzpeqtnyehwrmiecg""}, {""action"": ""BIGBLIND"", ""amount"": 10, ""add_amount"": 5, ""uuid"": ""rbcayplffwefupezdtgfit""}]}}",fold,0
"['D9', 'S4']","{""street"": ""preflop"", ""pot"": {""main"": {""amount"": 15}, ""side"": []}, ""community_card"": [], ""dealer_btn"": 1, ""next_player"": 2, ""small_blind_pos"": 2, ""big_blind_pos"": 3, ""round_count"": 5, ""small_blind_amount"": 5, ""seats"": [{""name"": ""fish"", ""uuid"": ""jmnttlowruuvdfaaopdybc"", ""stack"": 0, ""state"": ""folded""}, {""name"": ""folder"", ""uuid"": ""qqyvdywyqoafnwtbortvpb"", ""stack"": 80, ""state"": ""folded""}, {""name"": ""raiser"", ""uuid"": ""oorgdkzpeqtnyehwrmiecg"", ""stack"": 120, ""state"": ""participating""}, {""name"": ""random"", ""uuid"": ""rbcayplffwefupezdtgfit"", ""stack"": 185, ""state"": ""participating""}], ""action_histories"": {""preflop"": [{""action"": ""SMALLBLIND"", ""amount"": 5, ""add_amount"": 5, ""uuid"": ""oorgdkzpeqtnyehwrmiecg""}, {""action"": ""BIGBLIND"", ""amount"": 10, ""add_amount"": 5, ""uuid"": ""rbcayplffwefupezdtgfit""}, {""action"": ""FOLD"", ""uuid"": ""qqyvdywyqoafnwtbortvpb""}]}}",raise,125
"['D2', 'HJ']","{""street"": ""preflop"", ""pot"": {""main"": {""amount"": 135}, ""side"": [{""amount"": 0, ""eligibles"": [""oorgdkzpeqtnyehwrmiecg""]}]}, ""community_card"": [], ""dealer_btn"": 1, ""next_player"": 3, ""small_blind_pos"": 2, ""big_blind_pos"": 3, ""round_count"": 5, ""small_blind_amount"": 5, ""seats"": [{""name"": ""fish"", ""uuid"": ""jmnttlowruuvdfaaopdybc"", ""stack"": 0, ""state"": ""folded""}, {""name"": ""folder"", ""uuid"": ""qqyvdywyqoafnwtbortvpb"", ""stack"": 80, ""state"": ""folded""}, {""name"": ""raiser"", ""uuid"": ""oorgdkzpeqtnyehwrmiecg"", ""stack"": 0, ""state"": ""allin""}, {""name"": ""random"", ""uuid"": ""rbcayplffwefupezdtgfit"", ""stack"": 185, ""state"": ""participating""}], ""action_histories"": {""preflop"": [{""action"": ""SMALLBLIND"", ""amount"": 5, ""add_amount"": 5, ""uuid"": ""oorgdkzpeqtnyehwrmiecg""}, {""action"": ""BIGBLIND"", ""amount"": 10, ""add_amount"": 5, ""uuid"": ""rbcayplffwefupezdtgfit""}, {""action"": ""FOLD"", ""uuid"": ""qqyvdywyqoafnwtbortvpb""}, {""action"": ""RAISE"", ""amount"": 125, ""paid"": 120, ""add_amount"": 115, ""uuid"": ""oorgdkzpeqtnyehwrmiecg""}]}}",fold,0
"['ST', 'D9']","{""street"": ""preflop"", ""pot"": {""main"": {""amount"": 15}, ""side"": []}, ""community_card"": [], ""dealer_btn"": 2, ""next_player"": 2, ""small_blind_pos"": 3, ""big_blind_pos"": 1, ""round_count"": 6, ""small_blind_amount"": 5, ""seats"": [{""name"": ""fish"", ""uuid"": ""jmnttlowruuvdfaaopdybc"", ""stack"": 0, ""state"": ""folded""}, {""name"": ""folder"", ""uuid"": ""qqyvdywyqoafnwtbortvpb"", ""stack"": 70, ""state"": ""participating""}, {""name"": ""raiser"", ""uuid"": ""oorgdkzpeqtnyehwrmiecg"", ""stack"": 135, ""state"": ""participating""}, {""name"": ""random"", ""uuid"": ""rbcayplffwefupezdtgfit"", ""stack"": 180, ""state"": ""participating""}], ""action_histories"": {""preflop"": [{""action"": ""SMALLBLIND"", ""amount"": 5, ""add_amount"": 5, ""uuid"": ""rbcayplffwefupezdtgfit""}, {""action"": ""BIGBLIND"", ""amount"": 10, ""add_amount"": 5, ""uuid"": ""qqyvdywyqoafnwtbortvpb""}]}}",raise,135
"['HK', 'H9']","{""street"": ""preflop"", ""pot"": {""main"": {""amount"": 150}, ""side"": [{""amount"": 0, ""eligibles"": [""oorgdkzpeqtnyehwrmiecg""]}]}, ""community_card"": [], ""dealer_btn"": 2, ""next_player"": 3, ""small_blind_pos"": 3, ""big_blind_pos"": 1, ""round_count"": 6, ""small_blind_amount"": 5, ""seats"": [{""name"": ""fish"", ""uuid"": ""jmnttlowruuvdfaaopdybc"", ""stack"": 0, ""state"": ""folded""}, {""name"": ""folder"", ""uuid"": ""qqyvdywyqoafnwtbortvpb"", ""stack"": 70, ""state"": ""participating""}, {""name"": ""raiser"", ""uuid"": ""oorgdkzpeqtnyehwrmiecg"", ""stack"": 0, ""state"": ""allin""}, {""name"": ""random"", ""uuid"": ""rbcayplffwefupezdtgfit"", ""stack"": 180, ""state"": ""participating""}], ""action_histories"": {""preflop"": [{""action"": ""SMALLBLIND"", ""amount"": 5, ""add_amount"": 5, ""uuid"": ""rbcayplffwefupezdtgfit""}, {""action"": ""BIGBLIND"", ""amount"": 10, ""add_amount"": 5, ""uuid"": ""qqyvdywyqoafnwtbortvpb""}, {""action"": ""RAISE"", ""amount"": 135, ""paid"": 135, ""add_amount"": 125, ""uuid"": ""oorgdkzpeqtnyehwrmiecg""}]}}",call,135
"['SJ', 'HT']","{""street"": ""preflop"", ""pot"": {""main"": {""amount"": 280}, ""side"": [{""amount"": 0, ""eligibles"": [""oorgdkzpeqtnyehwrmiecg"", ""rbcayplffwefupezdtgfit""]}]}, ""community_card"": [], ""dealer_btn"": 2, ""next_player"": 1, ""small_blind_pos"": 3, ""big_blind_pos"": 1, ""round_count"": 6, ""small_blind_amount"": 5, ""seats"": [{""name"": ""fish"", ""uuid"": ""jmnttlowruuvdfaaopdybc"", ""stack"": 0, ""state"": ""folded""}, {""name"": ""folder"", ""uuid"": ""qqyvdywyqoafnwtbortvpb"", ""stack"": 70, ""state"": ""participating""}, {""name"": ""raiser"", ""uuid"": ""oorgdkzpeqtnyehwrmiecg"", ""stack"": 0, ""state"": ""allin""}, {""name"": ""random"", ""uuid"": ""rbcayplffwefupezdtgfit"", ""stack"": 50, ""state"": ""participating""}], ""action_histories"": {""preflop"": [{""action"": ""SMALLBLIND"", ""amount"": 5, ""add_amount"": 5, ""uuid"": ""rbcayplffwefupezdtgfit""}, {""action"": ""BIGBLIND"", ""amount"": 10, ""add_amount"": 5, ""uuid"": ""qqyvdywyqoafnwtbortvpb""}, {""action"": ""RAISE"", ""amount"": 135, ""paid"": 135, ""add_amount"": 125, ""uuid"": ""oorgdkzpeqtnyehwrmiecg""}, {""action"": ""CALL"", ""amount"": 135, ""paid"": 130, ""uuid"": ""rbcayplffwefupezdtgfit""}]}}",fold,0
"['C6', 'DJ']","{""street"": ""preflop"", ""pot"": {""main"": {""amount"": 15}, ""side"": []}, ""community_card"": [], ""dealer_btn"": 3, ""next_player"": 1, ""small_blind_pos"": 1, ""big_blind_pos"": 3, ""round_count"": 7, ""small_blind_amount"": 5, ""seats"": [{""name"": ""fish"", ""uuid"": ""jmnttlowruuvdfaaopdybc"", ""stack"": 0, ""state"": ""folded""}, {""name"": ""folder"", ""uuid"": ""qqyvdywyqoafnwtbortvpb"", ""stack"": 65, ""state"": ""participating""}, {""name"": ""raiser"", ""uuid"": ""oorgdkzpeqtnyehwrmiecg"", ""stack"": 0, ""state"": ""folded""}, {""name"": ""random"", ""uuid"": ""rbcayplffwefupezdtgfit"", ""stack"": 320, ""state"": ""participating""}], ""action_histories"": {""preflop"": [{""action"": ""SMALLBLIND"", ""amount"": 5, ""add_amount"": 5, ""uuid"": ""qqyvdywyqoafnwtbortvpb""}, {""action"": ""BIGBLIND"", ""amount"": 10, ""add_amount"": 5, ""uuid"": ""rbcayplffwefupezdtgfit""}]}}",fold,0
"['CT', 'SK']","{""street"": ""preflop"", ""pot"": {""main"": {""amount"": 15}, ""side"": []}, ""community_card"": [], ""dealer_btn"": 1, ""next_player"": 3, ""small_blind_pos"": 3, ""big_blind_pos"": 1, ""round_count"": 8, ""small_blind_amount"": 5, ""seats"": [{""name"": ""fish"", ""uuid"": ""jmnttlowruuvdfaaopdybc"", ""stack"": 0, ""state"": ""folded""}, {""name"": ""folder"", ""uuid"": ""qqyvdywyqoafnwtbortvpb"", ""stack"": 55, ""state"": ""participating""}, {""name"": ""raiser"", ""uuid"": ""oorgdkzpeqtnyehwrmiecg"", ""stack"": 0, ""state"": ""folded""}, {""name"": ""random"", ""uuid"": ""rbcayplffwefupezdtgfit"", ""stack"": 330, ""state"": ""participating""}], ""action_histories"": {""preflop"": [{""action"": ""SMALLBLIND"", ""amount"": 5, ""add_amount"": 5, ""uuid"": ""rbcayplffwefupezdtgfit""}, {""action"": ""BIGBLIND"", ""amount"": 10, ""add_amount"": 5, ""uuid"": ""qqyvdywyqoafnwtbortvpb""}]}}",raise,147
"['HQ', 'H2']","{""street"": ""preflop"", ""pot"": {""main"": {""amount"": 157}, ""side"": []}, ""community_card"": [], ""dealer_btn"": 1, ""next_player"": 1, ""small_blind_pos"": 3, ""big_blind_pos"": 1, ""round_count"": 8, ""small_blind_amount"": 5, ""seats"": [{""name"": ""fish"", ""uuid"": ""jmnttlowruuvdfaaopdybc"", ""stack"": 0, ""state"": ""folded""}, {""name"": ""folder"", ""uuid"": ""qqyvdywyqoafnwtbortvpb"", ""stack"": 55, ""state"": ""participating""}, {""name"": ""raiser"", ""uuid"": ""oorgdkzpeqtnyehwrmiecg"", ""stack"": 0, ""state"": ""folded""}, {""name"": ""random"", ""uuid"": ""rbcayplffwefupezdtgfit"", ""stack"": 188, ""state"": ""participating""}], ""action_histories"": {""preflop"": [{""action"": ""SMALLBLIND"", ""amount"": 5, ""add_amount"": 5, ""uuid"": ""rbcayplffwefupezdtgfit""}, {""action"": ""BIGBLIND"", ""amount"": 10, ""add_amount"": 5, ""uuid"": ""qqyvdywyqoafnwtbortvpb""}, {""action"": ""RAISE"", ""amount"": 147, ""paid"": 142, ""add_amount"": 137, ""uuid"": ""rbcayplffwefupezdtgfit""}]}}",fold,0
"['HQ', 'S5']","{""street"": ""preflop"", ""pot"": {""main"": {""amount"": 15}, ""side"": []}, ""community_card"": [], ""dealer_btn"": 3, ""next_player"": 1, ""small_blind_pos"": 1, ""big_blind_pos"": 3, ""round_count"": 9, ""small_blind_amount"": 5, ""seats"": [{""name"": ""fish"", ""uuid"": ""jmnttlowruuvdfaaopdybc"", ""stack"": 0, ""state"": ""folded""}, {""name"": ""folder"", ""uuid"": ""qqyvdywyqoafnwtbortvpb"", ""stack"": 50, ""state"": ""participating""}, {""name"": ""raiser"", ""uuid"": ""oorgdkzpeqtnyehwrmiecg"", ""stack"": 0, ""state"": ""folded""}, {""name"": ""random"", ""uuid"": ""rbcayplffwefupezdtgfit"", ""stack"": 335, ""state"": ""participating""}], ""action_histories"": {""preflop"": [{""action"": ""SMALLBLIND"", ""amount"": 5, ""add_amount"": 5, ""uuid"": ""qqyvdywyqoafnwtbortvpb""}, {""action"": ""BIGBLIND"", ""amount"": 10, ""add_amount"": 5, ""uuid"": ""rbcayplffwefupezdtgfit""}]}}",fold,0
"['DT', 'CK']","{""street"": ""preflop"", ""pot"": {""main"": {""amount"": 15}, ""side"": []}, ""community_card"": [], ""dealer_btn"": 1, ""next_player"": 3, ""small_blind_pos"": 3, ""big_blind_pos"": 1, ""round_count"": 10, ""small_blind_amount"": 5, ""seats"": [{""name"": ""fish"", ""uuid"": ""jmnttlowruuvdfaaopdybc"", ""stack"": 0, ""state"": ""folded""}, {""name"": ""folder"", ""uuid"": ""qqyvdywyqoafnwtbortvpb"", ""stack"": 40, ""state"": ""participating""}, {""name"": ""raiser"", ""uuid"": ""oorgdkzpeqtnyehwrmiecg"", ""stack"": 0, ""state"": ""folded""}, {""name"": ""random"", ""uuid"": ""rbcayplffwefupezdtgfit"", ""stack"": 345, ""state"": ""participating""}], ""action_histories"": {""preflop"": [{""action"": ""SMALLBLIND"", ""amount"": 5, ""add_amount"": 5, ""uuid"": ""rbcayplffwefupezdtgfit""}, {""action"": ""BIGBLIND"", ""amount"": 10, ""add_amount"": 5, ""uuid"": ""qqyvdywyqoafnwtbortvpb""}]}}",fold,0
"['D9', 'DT']","{""street"": ""preflop"", ""pot"": {""main"": {""amount"": 15}, ""side"": []}, ""community_card"": [], ""dealer_btn"": 3, ""next_player"": 1, ""small_blind_pos"": 1, ""big_blind_pos"": 3, ""round_count"": 11, ""small_blind_amount"": 5, ""seats"": [{""name"": ""fish"", ""uuid"": ""jmnttlowruuvdfaaopdybc"", ""stack"": 0, ""state"": ""folded""}, {""name"": ""folder"", ""uuid"": ""qqyvdywyqoafnwtbortvpb"", ""stack"": 50, ""state"": ""participating""}, {""name"": ""raiser"", ""uuid"": ""oorgdkzpeqtnyehwrmiecg"", ""stack"": 0, ""state"": ""folded""}, {""name"": ""random"", ""uuid"": ""rbcayplffwefupezdtgfit"", ""stack"": 335, ""state"": ""participating""}], ""action_histories"": {""preflop"": [{""action"": ""SMALLBLIND"", ""amount"": 5, ""add_amount"": 5, ""uuid"": ""qqyvdywyqoafnwtbortvpb""}, {""action"": ""BIGBLIND"", ""amount"": 10, ""add_amount"": 5, ""uuid"": ""rbcayplffwefupezdtgfit""}]}}",fold,0
"['DJ', 'CT']","{""street"": ""preflop"", ""pot"": {""main"": {""amount"": 15}, ""side"": []}, ""community_card"": [], ""dealer_btn"": 1, ""next_player"": 3, ""small_blind_pos"": 3, ""big_blind_pos"": 1, ""round_count"": 12, ""small_blind_amount"": 5, ""seats"": [{""name"": ""fish"", ""uuid"": ""jmnttlowruuvdfaaopdybc"", ""stack"": 0, ""state"": ""folded""}, {""name"": ""folder"", ""uuid"": ""qqyvdywyqoafnwtbortvpb"", ""stack"": 40, ""state"": ""participating""}, {""name"": ""raiser"", ""uuid"": ""oorgdkzpeqtnyehwrmiecg"", ""stack"": 0, ""state"": ""folded""}, {""name"": ""random"", ""uuid"": ""rbcayplffwefupezdtgfit"", ""stack"": 345, ""state"": ""participating""}], ""action_histories"": {""preflop"": [{""action"": ""SMALLBLIND"", ""amount"": 5, ""add_amount"": 5, ""uuid"": ""rbcayplffwefupezdtgfit""}, {""action"": ""BIGBLIND"", ""amount"": 10, ""add_amount"": 5, ""uuid"": ""qqyvdywyqoafnwtbortvpb""}]}}",fold,0
"['C6', 'D8']","{""street"": ""preflop"", ""pot"": {""main"": {""amount"": 15}, ""side"": []}, ""community_card"": [], ""dealer_btn"": 3, ""next_player"": 1, ""small_blind_pos"": 1, ""big_blind_pos"": 3, ""round_count"": 13, ""small_blind_amount"": 5, ""seats"": [{""name"": ""fish"", ""uuid"": ""jmnttlowruuvdfaaopdybc"", ""stack"": 0, ""state"": ""folded""}, {""name"": ""folder"", ""uuid"": ""qqyvdywyqoafnwtbortvpb"", ""stack"": 50, ""state"": ""participating""}, {""name"": ""raiser"", ""uuid"": ""oorgdkzpeqtnyehwrmiecg"", ""stack"": 0, ""state"": ""folded""}, {""name"": ""random"", ""uuid"": ""rbcayplffwefupezdtgfit"", ""stack"": 335, ""state"": ""participating""}], ""action_histories"": {""preflop"": [{""action"": ""SMALLBLIND"", ""amount"": 5, ""add_amount"": 5, ""uuid"": ""qqyvdywyqoafnwtbortvpb""}, {""action"": ""BIGBLIND"", ""amount"": 10, ""add_amount"": 5, ""uuid"": ""rbcayplffwefupezdtgfit""}]}}",fold,0
"['D2', 'D4']","{""street"": ""preflop"", ""pot"": {""main"": {""amount"": 15}, ""side"": []}, ""community_card"": [], ""dealer_btn"": 1, ""next_player"": 3, ""small_blind_pos"": 3, ""big_blind_pos"": 1, ""round_count"": 14, ""small_blind_amount"": 5, ""seats"": [{""name"": ""fish"", ""uuid"": ""jmnttlowruuvdfaaopdybc"", ""stack"": 0, ""state"": ""folded""}, {""name"": ""folder"", ""uuid"": ""qqyvdywyqoafnwtbortvpb"", ""stack"": 40, ""state"": ""participating""}, {""name"": ""raiser"", ""uuid"": ""oorgdkzpeqtnyehwrmiecg"", ""stack"": 0, ""state"": ""folded""}, {""name"": ""random"", ""uuid"": ""rbcayplffwefupezdtgfit"", ""stack"": 345, ""state"": ""participating""}], ""action_histories"": {""preflop"": [{""action"": ""SMALLBLIND"", ""amount"": 5, ""add_amount"": 5, ""uuid"": ""rbcayplffwefupezdtgfit""}, {""action"": ""BIGBLIND"", ""amount"": 10, ""add_amount"": 5, ""uuid"": ""qqyvdywyqoafnwtbortvpb""}]}}",call,10
"['D7', 'SK']","{""street"": ""preflop"", ""pot"": {""main"": {""amount"": 20}, ""side"": []}, ""community_card"": [], ""dealer_btn"": 1, ""next_player"": 1, ""small_blind_pos"": 3, ""big_blind_pos"": 1, ""round_count"": 14, ""small_blind_amount"": 5, ""seats"": [{""name"": ""fish"", ""uuid"": ""jmnttlowruuvdfaaopdybc"", ""stack"": 0, ""state"": ""folded""}, {""name"": ""folder"", ""uuid"": ""qqyvdywyqoafnwtbortvpb"", ""stack"": 40, ""state"": ""participating""}, {""name"": ""raiser"", ""uuid"": ""oorgdkzpeqtnyehwrmiecg"", ""stack"": 0, ""state"": ""folded""}, {""name"": ""random"", ""uuid"": ""rbcayplffwefupezdtgfit"", ""stack"": 340, ""state"": ""participating""}], ""action_histories"": {""preflop"": [{""action"": ""SMALLBLIND"", ""amount"": 5, ""add_amount"": 5, ""uuid"": ""rbcayplffwefupezdtgfit""}, {""action"": ""BIGBLIND"", ""amount"": 10, ""add_amount"": 5, ""uuid"": ""qqyvdywyqoafnwtbortvpb""}, {""action"": ""CALL"", ""amount"": 10, ""paid"": 5, ""uuid"": ""rbcayplffwefupezdtgfit""}]}}",fold,0
"['D4', 'CQ']","{""street"": ""preflop"", ""pot"": {""main"": {""amount"": 15}, ""side"": []}, ""community_card"": [], ""dealer_btn"": 3, ""next_player"": 1, ""small_blind_pos"": 1, ""big_blind_pos"": 3, ""round_count"": 15, ""small_blind_amount"": 5, ""seats"": [{""name"": ""fish"", ""uuid"": ""jmnttlowruuvdfaaopdybc"", ""stack"": 0, ""state"": ""folded""}, {""name"": ""folder"", ""uuid"": ""qqyvdywyqoafnwtbortvpb"", ""stack"": 35, ""state"": ""participating""}, {""name"": ""raiser"", ""uuid"": ""oorgdkzpeqtnyehwrmiecg"", ""stack"": 0, ""state"": ""folded""}, {""name"": ""random"", ""uuid"": ""rbcayplffwefupezdtgfit"", ""stack"": 350, ""state"": ""participating""}], ""action_histories"": {""preflop"": [{""action"": ""SMALLBLIND"", ""amount"": 5, ""add_amount"": 5, ""uuid"": ""qqyvdywyqoafnwtbortvpb""}, {""action"": ""BIGBLIND"", ""amount"": 10, ""add_amount"": 5, ""uuid"": ""rbcayplffwefupezdtgfit""}]}}",fold,0
"['D5', 'C3']","{""street"": ""preflop"", ""pot"": {""main"": {""amount"": 15}, ""side"": []}, ""community_card"": [], ""dealer_btn"": 1, ""next_player"": 3, ""small_blind_pos"": 3, ""big_blind_pos"": 1, ""round_count"": 16, ""small_blind_amount"": 5, ""seats"": [{""name"": ""fish"", ""uuid"": ""jmnttlowruuvdfaaopdybc"", ""stack"": 0, ""state"": ""folded""}, {""name"": ""folder"", ""uuid"": ""qqyvdywyqoafnwtbortvpb"", ""stack"": 25, ""state"": ""participating""}, {""name"": ""raiser"", ""uuid"": ""oorgdkzpeqtnyehwrmiecg"", ""stack"": 0, ""state"": ""folded""}, {""name"": ""random"", ""uuid"": ""rbcayplffwefupezdtgfit"", ""stack"": 360, ""state"": ""participating""}], ""action_histories"": {""preflop"": [{""action"": ""SMALLBLIND"", ""amount"": 5, ""add_amount"": 5, ""uuid"": ""rbcayplffwefupezdtgfit""}, {""action"": ""BIGBLIND"", ""amount"": 10, ""add_amount"": 5, ""uuid"": ""qqyvdywyqoafnwtbortvpb""}]}}",call,10
"['C7', 'ST']","{""street"": ""preflop"", ""pot"": {""main"": {""amount"": 20}, ""side"": []}, ""community_card"": [], ""dealer_btn"": 1, ""next_player"": 1, ""small_blind_pos"": 3, ""big_blind_pos"": 1, ""round_count"": 16, ""small_blind_amount"": 5, ""seats"": [{""name"": ""fish"", ""uuid"": ""jmnttlowruuvdfaaopdybc"", ""stack"": 0, ""state"": ""folded""}, {""name"": ""folder"", ""uuid"": ""qqyvdywyqoafnwtbortvpb"", ""stack"": 25, ""state"": ""participating""}, {""name"": ""raiser"", ""uuid"": ""oorgdkzpeqtnyehwrmiecg"", ""stack"": 0, ""state"": ""folded""}, {""name"": ""random"", ""uuid"": ""rbcayplffwefupezdtgfit"", ""stack"": 355, ""state"": ""participating""}], ""action_histories"": {""preflop"": [{""action"": ""SMALLBLIND"", ""amount"": 5, ""add_amount"": 5, ""uuid"": ""rbcayplffwefupezdtgfit""}, {""action"": ""BIGBLIND"", ""amount"": 10, ""add_amount"": 5, ""uuid"": ""qqyvdywyqoafnwtbortvpb""}, {""action"": ""CALL"", ""amount"": 10, ""paid"": 5, ""uuid"": ""rbcayplffwefupezdtgfit""}]}}",fold,0
"['C9', 'C3']","{""street"": ""preflop"", ""pot"": {""main"": {""amount"": 15}, ""side"": []}, ""community_card"": [], ""dealer_btn"": 3, ""next_player"": 1, ""small_blind_pos"": 1, ""big_blind_pos"": 3, ""round_count"": 17, ""small_blind_amount"": 5, ""seats"": [{""name"": ""fish"", ""uuid"": ""jmnttlowruuvdfaaopdybc"", ""stack"": 0, ""state"": ""folded""}, {""name"": ""folder"", ""uuid"": ""qqyvdywyqoafnwtbortvpb"", ""stack"": 20, ""state"": ""participating""}, {""name"": ""raiser"", ""uuid"": ""oorgdkzpeqtnyehwrmiecg"", ""stack"": 0, ""state"": ""folded""}, {""name"": ""random"", ""uuid"": ""rbcayplffwefupezdtgfit"", ""stack"": 365, ""state"": ""participating""}], ""action_histories"": {""preflop"": [{""action"": ""SMALLBLIND"", ""amount"": 5, ""add_amount"": 5, ""uuid"": ""qqyvdywyqoafnwtbortvpb""}, {""action"": ""BIGBLIND"", ""amount"": 10, ""add_amount"": 5, ""uuid"": ""rbcayplffwefupezdtgfit""}]}}",fold,0
"['S6', 'HK']","{""street"": ""preflop"", ""pot"": {""main"": {""amount"": 15}, ""side"": []}, ""community_card"": [], ""dealer_btn"": 1, ""next_player"": 3, ""small_blind_pos"": 3, ""big_blind_pos"": 1, ""round_count"": 18, ""small_blind_amount"": 5, ""seats"": [{""name"": ""fish"", ""uuid"": ""jmnttlowruuvdfaaopdybc"", ""stack"": 0, ""state"": ""folded""}, {""name"": ""folder"", ""uuid"": ""qqyvdywyqoafnwtbortvpb"", ""stack"": 10, ""state"": ""participating""}, {""name"": ""raiser"", ""uuid"": ""oorgdkzpeqtnyehwrmiecg"", ""stack"": 0, ""state"": ""folded""}, {""name"": ""random"", ""uuid"": ""rbcayplffwefupezdtgfit"", ""stack"": 375, ""state"": ""participating""}], ""action_histories"": {""preflop"": [{""action"": ""SMALLBLIND"", ""amount"": 5, ""add_amount"": 5, ""uuid"": ""rbcayplffwefupezdtgfit""}, {""action"": ""BIGBLIND"", ""amount"": 10, ""add_amount"": 5, ""uuid"": ""qqyvdywyqoafnwtbortvpb""}]}}",fold,0
"['C6', 'CA']","{""street"": ""preflop"", ""pot"": {""main"": {""amount"": 15}, ""side"": []}, ""community_card"": [], ""dealer_btn"": 3, ""next_player"": 1, ""small_blind_pos"": 1, ""big_blind_pos"": 3, ""round_count"": 19, ""small_blind_amount"": 5, ""seats"": [{""name"": ""fish"", ""uuid"": ""jmnttlowruuvdfaaopdybc"", ""stack"": 0, ""state"": ""folded""}, {""name"": ""folder"", ""uuid"": ""qqyvdywyqoafnwtbortvpb"", ""stack"": 20, ""state"": ""participating""}, {""name"": ""raiser"", ""uuid"": ""oorgdkzpeqtnyehwrmiecg"", ""stack"": 0, ""state"": ""folded""}, {""name"": ""random"", ""uuid"": ""rbcayplffwefupezdtgfit"", ""stack"": 365, ""state"": ""participating""}], ""action_histories"": {""preflop"": [{""action"": ""SMALLBLIND"", ""amount"": 5, ""add_amount"": 5, ""uuid"": ""qqyvdywyqoafnwtbortvpb""}, {""action"": ""BIGBLIND"", ""amount"": 10, ""add_amount"": 5, ""uuid"": ""rbcayplffwefupezdtgfit""}]}}",fold,0
"['HT', 'D5']","{""street"": ""preflop"", ""pot"": {""main"": {""amount"": 15}, ""side"": []}, ""community_card"": [], ""dealer_btn"": 1, ""next_player"": 3, ""small_blind_pos"": 3, ""big_blind_pos"": 1, ""round_count"": 20, ""small_blind_amount"": 5, ""seats"": [{""name"": ""fish"", ""uuid"": ""jmnttlowruuvdfaaopdybc"", ""stack"": 0, ""state"": ""folded""}, {""name"": ""folder"", ""uuid"": ""qqyvdywyqoafnwtbortvpb"", ""stack"": 10, ""state"": ""participating""}, {""name"": ""raiser"", ""uuid"": ""oorgdkzpeqtnyehwrmiecg"", ""stack"": 0, ""state"": ""folded""}, {""name"": ""random"", ""uuid"": ""rbcayplffwefupezdtgfit"", ""stack"": 375, ""state"": ""participating""}], ""action_histories"": {""preflop"": [{""action"": ""SMALLBLIND"", ""amount"": 5, ""add_amount"": 5, ""uuid"": ""rbcayplffwefupezdtgfit""}, {""action"": ""BIGBLIND"", ""amount"": 10, ""add_amount"": 5, ""uuid"": ""qqyvdywyqoafnwtbortvpb""}]}}",fold,0
"['C6', 'H7']","{""street"": ""preflop"", ""pot"": {""main"": {""amount"": 15}, ""side"": []}, ""community_card"": [], ""dealer_btn"": 3, ""next_player"": 1, ""small_blind_pos"": 1, ""big_blind_pos"": 3, ""round_count"": 21, ""small_blind_amount"": 5, ""seats"": [{""name"": ""fish"", ""uuid"": ""jmnttlowruuvdfaaopdybc"", ""stack"": 0, ""state"": ""folded""}, {""name"": ""folder"", ""uuid"": ""qqyvdywyqoafnwtbortvpb"", ""stack"": 20, ""state"": ""participating""}, {""name"": ""raiser"", ""uuid"": ""oorgdkzpeqtnyehwrmiecg"", ""stack"": 0, ""state"": ""folded""}, {""name"": ""random"", ""uuid"": ""rbcayplffwefupezdtgfit"", ""stack"": 365, ""state"": ""participating""}], ""action_histories"": {""preflop"": [{""action"": ""SMALLBLIND"", ""amount"": 5, ""add_amount"": 5, ""uuid"": ""qqyvdywyqoafnwtbortvpb""}, {""action"": ""BIGBLIND"", ""amount"": 10, ""add_amount"": 5, ""uuid"": ""rbcayplffwefupezdtgfit""}]}}",fold,0
"['C6', 'D6']","{""street"": ""preflop"", ""pot"": {""main"": {""amount"": 15}, ""side"": []}, ""community_card"": [], ""dealer_btn"": 1, ""next_player"": 3, ""small_blind_pos"": 3, ""big_blind_pos"": 1, ""round_count"": 22, ""small_blind_amount"": 5, ""seats"": [{""name"": ""fish"", ""uuid"": ""jmnttlowruuvdfaaopdybc"", ""stack"": 0, ""state"": ""folded""}, {""name"": ""folder"", ""uuid"": ""qqyvdywyqoafnwtbortvpb"", ""stack"": 10, ""state"": ""participating""}, {""name"": ""raiser"", ""uuid"": ""oorgdkzpeqtnyehwrmiecg"", ""stack"": 0, ""state"": ""folded""}, {""name"": ""random"", ""uuid"": ""rbcayplffwefupezdtgfit"", ""stack"": 375, ""state"": ""participating""}], ""action_histories"": {""preflop"": [{""action"": ""SMALLBLIND"", ""amount"": 5, ""add_amount"": 5, ""uuid"": ""rbcayplffwefupezdtgfit""}, {""action"": ""BIGBLIND"", ""amount"": 10, ""add_amount"": 5, ""uuid"": ""qqyvdywyqoafnwtbortvpb""}]}}",raise,59
"['DA', 'C8']","{""street"": ""preflop"", ""pot"": {""main"": {""amount"": 69}, ""side"": []}, ""community_card"": [], ""dealer_btn"": 1, ""next_player"": 1, ""small_blind_pos"": 3, ""big_blind_pos"": 1, ""round_count"": 22, ""small_blind_amount"": 5, ""seats"": [{""name"": ""fish"", ""uuid"": ""jmnttlowruuvdfaaopdybc"", ""stack"": 0, ""state"": ""folded""}, {""name"": ""folder"", ""uuid"": ""qqyvdywyqoafnwtbortvpb"", ""stack"": 10, ""state"": ""participating""}, {""name"": ""raiser"", ""uuid"": ""oorgdkzpeqtnyehwrmiecg"", ""stack"": 0, ""state"": ""folded""}, {""name"": ""random"", ""uuid"": ""rbcayplffwefupezdtgfit"", ""stack"": 321, ""state"": ""participating""}], ""action_histories"": {""preflop"": [{""action"": ""SMALLBLIND"", ""amount"": 5, ""add_amount"": 5, ""uuid"": ""rbcayplffwefupezdtgfit""}, {""action"": ""BIGBLIND"", ""amount"": 10, ""add_amount"": 5, ""uuid"": ""qqyvdywyqoafnwtbortvpb""}, {""action"": ""RAISE"", ""amount"": 59, ""paid"": 54, ""add_amount"": 49, ""uuid"": ""rbcayplffwefupezdtgfit""}]}}",fold,0
"['SJ', 'DQ']","{""street"": ""preflop"", ""pot"": {""main"": {""amount"": 15}, ""side"": []}, ""community_card"": [], ""dealer_btn"": 3, ""next_player"": 1, ""small_blind_pos"": 1, ""big_blind_pos"": 3, ""round_count"": 23, ""small_blind_amount"": 5, ""seats"": [{""name"": ""fish"", ""uuid"": ""jmnttlowruuvdfaaopdybc"", ""stack"": 0, ""state"": ""folded""}, {""name"": ""folder"", ""uuid"": ""qqyvdywyqoafnwtbortvpb"", ""stack"": 5, ""state"": ""participating""}, {""name"": ""raiser"", ""uuid"": ""oorgdkzpeqtnyehwrmiecg"", ""stack"": 0, ""state"": ""folded""}, {""name"": ""random"", ""uuid"": ""rbcayplffwefupezdtgfit"", ""stack"": 380, ""state"": ""participating""}], ""action_histories"": {""preflop"": [{""action"": ""SMALLBLIND"", ""amount"": 5, ""add_amount"": 5, ""uuid"": ""qqyvdywyqoafnwtbortvpb""}, {""action"": ""BIGBLIND"", ""amount"": 10, ""add_amount"": 5, ""uuid"": ""rbcayplffwefupezdtgfit""}]}}",fold,0
"['C6', 'DT']","{""street"": ""preflop"", ""pot"": {""main"": {""amount"": 15}, ""side"": []}, ""community_card"": [], ""dealer_btn"": 0, ""next_player"": 3, ""small_blind_pos"": 1, ""big_blind_pos"": 2, ""round_count"": 1, ""small_blind_amount"": 5, ""seats"": [{""name"": ""fish"", ""uuid"": ""quhhrzmeflctzsilnbjrww"", ""stack"": 100, ""state"": ""participating""}, {""name"": ""folder"", ""uuid"": ""zygjazkhophohdcmbzvxln"", ""stack"": 95, ""state"": ""participating""}, {""name"": ""raiser"", ""uuid"": ""yfhsbmzuimwlkloceocxth"", ""stack"": 90, ""state"": ""participating""}, {""name"": ""random"", ""uuid"": ""irbeepfvsxmnoyhyaoxdzo"", ""stack"": 100, ""state"": ""participating""}], ""action_histories"": {""preflop"": [{""action"": ""SMALLBLIND"", ""amount"": 5, ""add_amount"": 5, ""uuid"": ""zygjazkhophohdcmbzvxln""}, {""action"": ""BIGBLIND"", ""amount"": 10, ""add_amount"": 5, ""uuid"": ""yfhsbmzuimwlkloceocxth""}]}}",call,10
"['HK', 'CA']","{""street"": ""preflop"", ""pot"": {""main"": {""amount"": 25}, ""side"": []}, ""community_card"": [], ""dealer_btn"": 0, ""next_player"": 0, ""small_blind_pos"": 1, ""big_blind_pos"": 2, ""round_count"": 1, ""small_blind_amount"": 5, ""seats"": [{""name"": ""fish"", ""uuid"": ""quhhrzmeflctzsilnbjrww"", ""stack"": 100, ""state"": ""participating""}, {""name"": ""folder"", ""uuid"": ""zygjazkhophohdcmbzvxln"", ""stack"": 95, ""state"": ""participating""}, {""name"": ""raiser"", ""uuid"": ""yfhsbmzuimwlkloceocxth"", ""stack"": 90, ""state"": ""participating""}, {""name"": ""random"", ""uuid"": ""irbeepfvsxmnoyhyaoxdzo"", ""stack"": 90, ""state"": ""participating""}], ""action_histories"": {""preflop"": [{""action"": ""SMALLBLIND"", ""amount"": 5, ""add_amount"": 5, ""uuid"": ""zygjazkhophohdcmbzvxln""}, {""action"": ""BIGBLIND"", ""amount"": 10, ""add_amount"": 5, ""uuid"": ""yfhsbmzuimwlkloceocxth""}, {""action"": ""CALL"", ""amount"": 10, ""paid"": 10, ""uuid"": ""irbeepfvsxmnoyhyaoxdzo""}]}}",call,10
"['DK', 'C9']","{""street"": ""preflop"", ""pot"": {""main"": {""amount"": 35}, ""side"": []}, ""community_card"": [], ""dealer_btn"": 0, ""next_player"": 1, ""small_blind_pos"": 1, ""big_blind_pos"": 2, ""round_count"": 1, ""small_blind_amount"": 5, ""seats"": [{""name"": ""fish"", ""uuid"": ""quhhrzmeflctzsilnbjrww"", ""stack"": 90, ""state"": ""participating""}, {""name"": ""folder"", ""uuid"": ""zygjazkhophohdcmbzvxln"", ""stack"": 95, ""state"": ""participating""}, {""name"": ""raiser"", ""uuid"": ""yfhsbmzuimwlkloceocxth"", ""stack"": 90, ""state"": ""participating""}, {""name"": ""random"", ""uuid"": ""irbeepfvsxmnoyhyaoxdzo"", ""stack"": 90, ""state"": ""participating""}], ""action_histories"": {""preflop"": [{""action"": ""SMALLBLIND"", ""amount"": 5, ""add_amount"": 5, ""uuid"": ""zygjazkhophohdcmbzvxln""}, {""action"": ""BIGBLIND"", ""amount"": 10, ""add_amount"": 5, ""uuid"": ""yfhsbmzuimwlkloceocxth""}, {""action"": ""CALL"", ""amount"": 10, ""paid"": 10, ""uuid"": ""irbeepfvsxmnoyhyaoxdzo""}, {""action"": ""CALL"", ""amount"": 10, ""paid"": 10, ""uuid"": ""quhhrzmeflctzsilnbjrww""}]}}",fold,0
"['ST', 'C7']","{""street"": ""preflop"", ""pot"": {""main"": {""amount"": 35}, ""side"": []}, ""community_card"": [], ""dealer_btn"": 0, ""next_player"": 2, ""small_blind_pos"": 1, ""big_blind_pos"": 2, ""round_count"": 1, ""small_blind_amount"": 5, ""seats"": [{""name"": ""fish"", ""uuid"": ""quhhrzmeflctzsilnbjrww"", ""stack"": 90, ""state"": ""participating""}, {""name"": ""folder"", ""uuid"": ""zygjazkhophohdcmbzvxln"", ""stack"": 95, ""state"": ""folded""}, {""name"": ""raiser"", ""uuid"": ""yfhsbmzuimwlkloceocxth"", ""stack"": 90, ""state"": ""participating""}, {""name"": ""random"", ""uuid"": ""irbeepfvsxmnoyhyaoxdzo"", ""stack"": 90, ""state"": ""participating""}], ""action_histories"": {""preflop"": [{""action"": ""SMALLBLIND"", ""amount"": 5, ""add_amount"": 5, ""uuid"": ""zygjazkhophohdcmbzvxln""}, {""action"": ""BIGBLIND"", ""amount"": 10, ""add_amount"": 5, ""uuid"": ""yfhsbmzuimwlkloceocxth""}, {""action"": ""CALL"", ""amount"": 10, ""paid"": 10, ""uuid"": ""irbeepfvsxmnoyhyaoxdzo""}, {""action"": ""CALL"", ""amount"": 10, ""paid"": 10, ""uuid"": ""quhhrzmeflctzsilnbjrww""}, {""action"": ""FOLD"", ""uuid"": ""zygjazkhophohdcmbzvxln""}]}}",raise,100
"['C6', 'DT']","{""street"": ""preflop"", ""pot"": {""main"": {""amount"": 125}, ""side"": [{""amount"": 0, ""eligibles"": [""yfhsbmzuimwlkloceocxth""]}]}, ""community_card"": [], ""dealer_btn"": 0, ""next_player"": 3, ""small_blind_pos"": 1, ""big_blind_pos"": 2, ""round_count"": 1, ""small_blind_amount"": 5, ""seats"": [{""name"": ""fish"", ""uuid"": ""quhhrzmeflctzsilnbjrww"", ""stack"": 90, ""state"": ""participating""}, {""name"": ""folder"", ""uuid"": ""zygjazkhophohdcmbzvxln"", ""stack"": 95, ""state"": ""folded""}, {""name"": ""raiser"", ""uuid"": ""yfhsbmzuimwlkloceocxth"", ""stack"": 0, ""state"": ""allin""}, {""name"": ""random"", ""uuid"": ""irbeepfvsxmnoyhyaoxdzo"", ""stack"": 90, ""state"": ""participating""}], ""action_histories"": {""preflop"": [{""action"": ""SMALLBLIND"", ""amount"": 5, ""add_amount"": 5, ""uuid"": ""zygjazkhophohdcmbzvxln""}, {""action"": ""BIGBLIND"", ""amount"": 10, ""add_amount"": 5, ""uuid"": ""yfhsbmzuimwlkloceocxth""}, {""action"": ""CALL"", ""amount"": 10, ""paid"": 10, ""uuid"": ""irbeepfvsxmnoyhyaoxdzo""}, {""action"": ""CALL"", ""amount"": 10, ""paid"": 10, ""uuid"": ""quhhrzmeflctzsilnbjrww""}, {""action"": ""FOLD"", ""uuid"": ""zygjazkhophohdcmbzvxln""}, {""action"": ""RAISE"", ""amount"": 100, ""paid"": 90, ""add_amount"": 90, ""uuid"": ""yfhsbmzuimwlkloceocxth""}]}}",call,100
"['HK', 'CA']","{""street"": ""preflop"", ""pot"": {""main"": {""amount"": 215}, ""side"": [{""amount"": 0, ""eligibles"": [""yfhsbmzuimwlkloceocxth"", ""irbeepfvsxmnoyhyaoxdzo""]}, {""amount"": 0, ""eligibles"": [""yfhsbmzuimwlkloceocxth"", ""irbeepfvsxmnoyhyaoxdzo""]}]}, ""community_card"": [], ""dealer_btn"": 0, ""next_player"": 0, ""small_blind_pos"": 1, ""big_blind_pos"": 2, ""round_count"": 1, ""small_blind_amount"": 5, ""seats"": [{""name"": ""fish"", ""uuid"": ""quhhrzmeflctzsilnbjrww"", ""stack"": 90, ""state"": ""participating""}, {""name"": ""folder"", ""uuid"": ""zygjazkhophohdcmbzvxln"", ""stack"": 95, ""state"": ""folded""}, {""name"": ""raiser"", ""uuid"": ""yfhsbmzuimwlkloceocxth"", ""stack"": 0, ""state"": ""allin""}, {""name"": ""random"", ""uuid"": ""irbeepfvsxmnoyhyaoxdzo"", ""stack"": 0, ""state"": ""allin""}], ""action_histories"": {""preflop"": [{""action"": ""SMALLBLIND"", ""amount"": 5, ""add_amount"": 5, ""uuid"": ""zygjazkhophohdcmbzvxln""}, {""action"": ""BIGBLIND"", ""amount"": 10, ""add_amount"": 5, ""uuid"": ""yfhsbmzuimwlkloceocxth""}, {""action"": ""CALL"", ""amount"": 10, ""paid"": 10, ""uuid"": ""irbeepfvsxmnoyhyaoxdzo""}, {""action"": ""CALL"", ""amount"": 10, ""paid"": 10, ""uuid"": ""quhhrzmeflctzsilnbjrww""}, {""action"": ""FOLD"", ""uuid"": ""zygjazkhophohdcmbzvxln""}, {""action"": ""RAISE"", ""amount"": 100, ""paid"": 90, ""add_amount"": 90, ""uuid"": ""yfhsbmzuimwlkloceocxth""}, {""action"": ""CALL"", ""amount"": 100, ""paid"": 90, ""uuid"": ""irbeepfvsxmnoyhyaoxdzo""}]}}",call,100
"['D7', 'D8']","{""street"": ""preflop"", ""pot"": {""main"": {""amount"": 15}, ""side"": []}, ""community_card"": [], ""dealer_btn"": 1, ""next_player"": 0, ""small_blind_pos"": 0, ""big_blind_pos"": 1, ""round_count"": 2, ""small_blind_amount"": 5, ""seats"": [{""name"": ""fish"", ""uuid"": ""quhhrzmeflctzsilnbjrww"", ""stack"": 300, ""state"": ""participating""}, {""name"": ""folder"", ""uuid"": ""zygjazkhophohdcmbzvxln"", ""stack"": 85, ""state"": ""participating""}, {""name"": ""raiser"", ""uuid"": ""yfhsbmzuimwlkloceocxth"", ""stack"": 0, ""state"": ""folded""}, {""name"": ""random"", ""uuid"": ""irbeepfvsxmnoyhyaoxdzo"", ""stack"": 0, ""state"": ""folded""}], ""action_histories"": {""preflop"": [{""action"": ""SMALLBLIND"", ""amount"": 5, ""add_amount"": 5, ""uuid"": ""quhhrzmeflctzsilnbjrww""}, {""action"": ""BIGBLIND"", ""amount"": 10, ""add_amount"": 5, ""uuid"": ""zygjazkhophohdcmbzvxln""}]}}",call,10
"['DJ', 'H3']","{""street"": ""preflop"", ""pot"": {""main"": {""amount"": 20}, ""side"": []}, ""community_card"": [], ""dealer_btn"": 1, ""next_player"": 1, ""small_blind_pos"": 0, ""big_blind_pos"": 1, ""round_count"": 2, ""small_blind_amount"": 5, ""seats"": [{""name"": ""fish"", ""uuid"": ""quhhrzmeflctzsilnbjrww"", ""stack"": 295, ""state"": ""participating""}, {""name"": ""folder"", ""uuid"": ""zygjazkhophohdcmbzvxln"", ""stack"": 85, ""state"": ""participating""}, {""name"": ""raiser"", ""uuid"": ""yfhsbmzuimwlkloceocxth"", ""stack"": 0, ""state"": ""folded""}, {""name"": ""random"", ""uuid"": ""irbeepfvsxmnoyhyaoxdzo"", ""stack"": 0, ""state"": ""folded""}], ""action_histories"": {""preflop"": [{""action"": ""SMALLBLIND"", ""amount"": 5, ""add_amount"": 5, ""uuid"": ""quhhrzmeflctzsilnbjrww""}, {""action"": ""BIGBLIND"", ""amount"": 10, ""add_amount"": 5, ""uuid"": ""zygjazkhophohdcmbzvxln""}, {""action"": ""CALL"", ""amount"": 10, ""paid"": 5, ""uuid"": ""quhhrzmeflctzsilnbjrww""}]}}",fold,0
"['H3', 'D5']","{""street"": ""preflop"", ""pot"": {""main"": {""amount"": 15}, ""side"": []}, ""community_card"": [], ""dealer_btn"": 0, ""next_player"": 1, ""small_blind_pos"": 1, ""big_blind_pos"": 0, ""round_count"": 3, ""small_blind_amount"": 5, ""seats"": [{""name"": ""fish"", ""uuid"": ""quhhrzmeflctzsilnbjrww"", ""stack"": 305, ""state"": ""participating""}, {""name"": ""folder"", ""uuid"": ""zygjazkhophohdcmbzvxln"", ""stack"": 80, ""state"": ""participating""}, {""name"": ""raiser"", ""uuid"": ""yfhsbmzuimwlkloceocxth"", ""stack"": 0, ""state"": ""folded""}, {""name"": ""random"", ""uuid"": ""irbeepfvsxmnoyhyaoxdzo"", ""stack"": 0, ""state"": ""folded""}], ""action_histories"": {""preflop"": [{""action"": ""SMALLBLIND"", ""amount"": 5, ""add_amount"": 5, ""uuid"": ""zygjazkhophohdcmbzvxln""}, {""action"": ""BIGBLIND"", ""amount"": 10, ""add_amount"": 5, ""uuid"": ""quhhrzmeflctzsilnbjrww""}]}}",fold,0
"['C3', 'CT']","{""street"": ""preflop"", ""pot"": {""main"": {""amount"": 15}, ""side"": []}, ""community_card"": [], ""dealer_btn"": 1, ""next_player"": 0, ""small_blind_pos"": 0, ""big_blind_pos"": 1, ""round_count"": 4, ""small_blind_amount"": 5, ""seats"": [{""name"": ""fish"", ""uuid"": ""quhhrzmeflctzsilnbjrww"", ""stack"": 315, ""state"": ""participating""}, {""name"": ""folder"", ""uuid"": ""zygjazkhophohdcmbzvxln"", ""stack"": 70, ""state"": ""participating""}, {""name"": ""raiser"", ""uuid"": ""yfhsbmzuimwlkloceocxth"", ""stack"": 0, ""state"": ""folded""}, {""name"": ""random"", ""uuid"": ""irbeepfvsxmnoyhyaoxdzo"", ""stack"": 0, ""state"": ""folded""}], ""action_histories"": {""preflop"": [{""action"": ""SMALLBLIND"", ""amount"": 5, ""add_amount"": 5, ""uuid"": ""quhhrzmeflctzsilnbjrww""}, {""action"": ""BIGBLIND"", ""amount"": 10, ""add_amount"": 5, ""uuid"": ""zygjazkhophohdcmbzvxln""}]}}",call,10
"['S9', 'SQ']","{""street"": ""preflop"", ""pot"": {""main"": {""amount"": 20}, ""side"": []}, ""community_card"": [], ""dealer_btn"": 1, ""next_player"": 1, ""small_blind_pos"": 0, ""big_blind_pos"": 1, ""round_count"": 4, ""small_blind_amount"": 5, ""seats"": [{""name"": ""fish"", ""uuid"": ""quhhrzmeflctzsilnbjrww"", ""stack"": 310, ""state"": ""participating""}, {""name"": ""folder"", ""uuid"": ""zygjazkhophohdcmbzvxln"", ""stack"": 70, ""state"": ""participating""}, {""name"": ""raiser"", ""uuid"": ""yfhsbmzuimwlkloceocxth"", ""stack"": 0, ""state"": ""folded""}, {""name"": ""random"", ""uuid"": ""irbeepfvsxmnoyhyaoxdzo"", ""stack"": 0, ""state"": ""folded""}], ""action_histories"": {""preflop"": [{""action"": ""SMALLBLIND"", ""amount"": 5, ""add_amount"": 5, ""uuid"": ""quhhrzmeflctzsilnbjrww""}, {""action"": ""BIGBLIND"", ""amount"": 10, ""add_amount"": 5, ""uuid"": ""zygjazkhophohdcmbzvxln""}, {""action"": ""CALL"", ""amount"": 10, ""paid"": 5, ""uuid"": ""quhhrzmeflctzsilnbjrww""}]}}",fold,0
"['H4', 'D2']","{""street"": ""preflop"", ""pot"": {""main"": {""amount"": 15}, ""side"": []}, ""community_card"": [], ""dealer_btn"": 0, ""next_player"": 1, ""small_blind_pos"": 1, ""big_blind_pos"": 0, ""round_count"": 5, ""small_blind_amount"": 5, ""seats"": [{""name"": ""fish"", ""uuid"": ""quhhrzmeflctzsilnbjrww"", ""stack"": 320, ""state"": ""participating""}, {""name"": ""folder"", ""uuid"": ""zygjazkhophohdcmbzvxln"", ""stack"": 65, ""state"": ""participating""}, {""name"": ""raiser"", ""uuid"": ""yfhsbmzuimwlkloceocxth"", ""stack"": 0, ""state"": ""folded""}, {""name"": ""random"", ""uuid"": ""irbeepfvsxmnoyhyaoxdzo"", ""stack"": 0, ""state"": ""folded""}], ""action_histories"": {""preflop"": [{""action"": ""SMALLBLIND"", ""amount"": 5, ""add_amount"": 5, ""uuid"": ""zygjazkhophohdcmbzvxln""}, {""action"": ""BIGBLIND"", ""amount"": 10, ""add_amount"": 5, ""uuid"": ""quhhrzmeflctzsilnbjrww""}]}}",fold,0
"['S4', 'DK']","{""street"": ""preflop"", ""pot"": {""main"": {""amount"": 15}, ""side"": []}, ""community_card"": [], ""dealer_btn"": 1, ""next_player"": 0, ""small_blind_pos"": 0, ""big_blind_pos"": 1, ""round_count"": 6, ""small_blind_amount"": 5, ""seats"": [{""name"": ""fish"", ""uuid"": ""quhhrzmeflctzsilnbjrww"", ""stack"": 330, ""state"": ""participating""}, {""name"": ""folder"", ""uuid"": ""zygjazkhophohdcmbzvxln"", ""stack"": 55, ""state"": ""participating""}, {""name"": ""raiser"", ""uuid"": ""yfhsbmzuimwlkloceocxth"", ""stack"": 0, ""state"": ""folded""}, {""name"": ""random"", ""uuid"": ""irbeepfvsxmnoyhyaoxdzo"", ""stack"": 0, ""state"": ""folded""}], ""action_histories"": {""preflop"": [{""action"": ""SMALLBLIND"", ""amount"": 5, ""add_amount"": 5, ""uuid"": ""quhhrzmeflctzsilnbjrww""}, {""action"": ""BIGBLIND"", ""amount"": 10, ""add_amount"": 5, ""uuid"": ""zygjazkhophohdcmbzvxln""}]}}",call,10
"['C7', 'SQ']","{""street"": ""preflop"", ""pot"": {""main"": {""amount"": 20}, ""side"": []}, ""community_card"": [], ""dealer_btn"": 1, ""next_player"": 1, ""small_blind_pos"": 0, ""big_blind_pos"": 1, ""round_count"": 6, ""small_blind_amount"": 5, ""seats"": [{""name"": ""fish"", ""uuid"": ""quhhrzmeflctzsilnbjrww"", ""stack"": 325, ""state"": ""participating""}, {""name"": ""folder"", ""uuid"": ""zygjazkhophohdcmbzvxln"", ""stack"": 55, ""state"": ""participating""}, {""name"": ""raiser"", ""uuid"": ""yfhsbmzuimwlkloceocxth"", ""stack"": 0, ""state"": ""folded""}, {""name"": ""random"", ""uuid"": ""irbeepfvsxmnoyhyaoxdzo"", ""stack"": 0, ""state"": ""folded""}], ""action_histories"": {""preflop"": [{""action"": ""SMALLBLIND"", ""amount"": 5, ""add_amount"": 5, ""uuid"": ""quhhrzmeflctzsilnbjrww""}, {""action"": ""BIGBLIND"", ""amount"": 10, ""add_amount"": 5, ""uuid"": ""zygjazkhophohdcmbzvxln""}, {""action"": ""CALL"", ""amount"": 10, ""paid"": 5, ""uuid"": ""quhhrzmeflctzsilnbjrww""}]}}",fold,0
"['CJ', 'H6']","{""street"": ""preflop"", ""pot"": {""main"": {""amount"": 15}, ""side"": []}, ""community_card"": [], ""dealer_btn"": 0, ""next_player"": 1, ""small_blind_pos"": 1, ""big_blind_pos"": 0, ""round_count"": 7, ""small_blind_amount"": 5, ""seats"": [{""name"": ""fish"", ""uuid"": ""quhhrzmeflctzsilnbjrww"", ""stack"": 335, ""state"": ""participating""}, {""name"": ""folder"", ""uuid"": ""zygjazkhophohdcmbzvxln"", ""stack"": 50, ""state"": ""participating""}, {""name"": ""raiser"", ""uuid"": ""yfhsbmzuimwlkloceocxth"", ""stack"": 0, ""state"": ""folded""}, {""name"": ""random"", ""uuid"": ""irbeepfvsxmnoyhyaoxdzo"", ""stack"": 0, ""state"": ""folded""}], ""action_histories"": {""preflop"": [{""action"": ""SMALLBLIND"", ""amount"": 5, ""add_amount"": 5, ""uuid"": ""zygjazkhophohdcmbzvxln""}, {""action"": ""BIGBLIND"", ""amount"": 10, ""add_amount"": 5, ""uuid"": ""quhhrzmeflctzsilnbjrww""}]}}",fold,0
"['HQ', 'C3']","{""street"": ""preflop"", ""pot"": {""main"": {""amount"": 15}, ""side"": []}, ""community_card"": [], ""dealer_btn"": 1, ""next_player"": 0, ""small_blind_pos"": 0, ""big_blind_pos"": 1, ""round_count"": 8, ""small_blind_amount"": 5, ""seats"": [{""name"": ""fish"", ""uuid"": ""quhhrzmeflctzsilnbjrww"", ""stack"": 345, ""state"": ""participating""}, {""name"": ""folder"", ""uuid"": ""zygjazkhophohdcmbzvxln"", ""stack"": 40, ""state"": ""participating""}, {""name"": ""raiser"", ""uuid"": ""yfhsbmzuimwlkloceocxth"", ""stack"": 0, ""state"": ""folded""}, {""name"": ""random"", ""uuid"": ""irbeepfvsxmnoyhyaoxdzo"", ""stack"": 0, ""state"": ""folded""}], ""action_histories"": {""preflop"": [{""action"": ""SMALLBLIND"", ""amount"": 5, ""add_amount"": 5, ""uuid"": ""quhhrzmeflctzsilnbjrww""}, {""action"": ""BIGBLIND"", ""amount"": 10, ""add_amount"": 5, ""uuid"": ""zygjazkhophohdcmbzvxln""}]}}",call,10
"['SA', 'HK']","{""street"": ""preflop"", ""pot"": {""main"": {""amount"": 20}, ""side"": []}, ""community_card"": [], ""dealer_btn"": 1, ""next_player"": 1, ""small_blind_pos"": 0, ""big_blind_pos"": 1, ""round_count"": 8, ""small_blind_amount"": 5, ""seats"": [{""name"": ""fish"", ""uuid"": ""quhhrzmeflctzsilnbjrww"", ""stack"": 340, ""state"": ""participating""}, {""name"": ""folder"", ""uuid"": ""zygjazkhophohdcmbzvxln"", ""stack"": 40, ""state"": ""participating""}, {""name"": ""raiser"", ""uuid"": ""yfhsbmzuimwlkloceocxth"", ""stack"": 0, ""state"": ""folded""}, {""name"": ""random"", ""uuid"": ""irbeepfvsxmnoyhyaoxdzo"", ""stack"": 0, ""state"": ""folded""}], ""action_histories"": {""preflop"": [{""action"": ""SMALLBLIND"", ""amount"": 5, ""add_amount"": 5, ""uuid"": ""quhhrzmeflctzsilnbjrww""}, {""action"": ""BIGBLIND"", ""amount"": 10, ""add_amount"": 5, ""uuid"": ""zygjazkhophohdcmbzvxln""}, {""action"": ""CALL"", ""amount"": 10, ""paid"": 5, ""uuid"": ""quhhrzmeflctzsilnbjrww""}]}}",fold,0
"['DA', 'S3']","{""street"": ""preflop"", ""pot"": {""main"": {""amount"": 15}, ""side"": []}, ""community_card"": [], ""dealer_btn"": 0, ""next_player"": 1, ""small_blind_pos"": 1, ""big_blind_pos"": 0, ""round_count"": 9, ""small_blind_amount"": 5, ""seats"": [{""name"": ""fish"", ""uuid"": ""quhhrzmeflctzsilnbjrww"", ""stack"": 350, ""state"": ""participating""}, {""name"": ""folder"", ""uuid"": ""zygjazkhophohdcmbzvxln"", ""stack"": 35, ""state"": ""participating""}, {""name"": ""raiser"", ""uuid"": ""yfhsbmzuimwlkloceocxth"", ""stack"": 0, ""state"": ""folded""}, {""name"": ""random"", ""uuid"": ""irbeepfvsxmnoyhyaoxdzo"", ""stack"": 0, ""state"": ""folded""}], ""action_histories"": {""preflop"": [{""action"": ""SMALLBLIND"", ""amount"": 5, ""add_amount"": 5, ""uuid"": ""zygjazkhophohdcmbzvxln""}, {""action"": ""BIGBLIND"", ""amount"": 10, ""add_amount"": 5, ""uuid"": ""quhhrzmeflctzsilnbjrww""}]}}",fold,0
"['D5', 'DJ']","{""street"": ""preflop"", ""pot"": {""main"": {""amount"": 15}, ""side"": []}, ""community_card"": [], ""dealer_btn"": 1, ""next_player"": 0, ""small_blind_pos"": 0, ""big_blind_pos"": 1, ""round_count"": 10, ""small_blind_amount"": 5, ""seats"": [{""name"": ""fish"", ""uuid"": ""quhhrzmeflctzsilnbjrww"", ""stack"": 360, ""state"": ""participating""}, {""name"": ""folder"", ""uuid"": ""zygjazkhophohdcmbzvxln"", ""stack"": 25, ""state"": ""participating""}, {""name"": ""raiser"", ""uuid"": ""yfhsbmzuimwlkloceocxth"", ""stack"": 0, ""state"": ""folded""}, {""name"": ""random"", ""uuid"": ""irbeepfvsxmnoyhyaoxdzo"", ""stack"": 0, ""state"": ""folded""}], ""action_histories"": {""preflop"": [{""action"": ""SMALLBLIND"", ""amount"": 5, ""add_amount"": 5, ""uuid"": ""quhhrzmeflctzsilnbjrww""}, {""action"": ""BIGBLIND"", ""amount"": 10, ""add_amount"": 5, ""uuid"": ""zygjazkhophohdcmbzvxln""}]}}",call,10
"['C2', 'HA']","{""street"": ""preflop"", ""pot"": {""main"": {""amount"": 20}, ""side"": []}, ""community_card"": [], ""dealer_btn"": 1, ""next_player"": 1, ""small_blind_pos"": 0, ""big_blind_pos"": 1, ""round_count"": 10, ""small_blind_amount"": 5, ""seats"": [{""name"": ""fish"", ""uuid"": ""quhhrzmeflctzsilnbjrww"", ""stack"": 355, ""state"": ""participating""}, {""name"": ""folder"", ""uuid"": ""zygjazkhophohdcmbzvxln"", ""stack"": 25, ""state"": ""participating""}, {""name"": ""raiser"", ""uuid"": ""yfhsbmzuimwlkloceocxth"", ""stack"": 0, ""state"": ""folded""}, {""name"": ""random"", ""uuid"": ""irbeepfvsxmnoyhyaoxdzo"", ""stack"": 0, ""state"": ""folded""}], ""action_histories"": {""preflop"": [{""action"": ""SMALLBLIND"", ""amount"": 5, ""add_amount"": 5, ""uuid"": ""quhhrzmeflctzsilnbjrww""}, {""action"": ""BIGBLIND"", ""amount"": 10, ""add_amount"": 5, ""uuid"": ""zygjazkhophohdcmbzvxln""}, {""action"": ""CALL"", ""amount"": 10, ""paid"": 5, ""uuid"": ""quhhrzmeflctzsilnbjrww""}]}}",fold,0
"['S3', 'DT']","{""street"": ""preflop"", ""pot"": {""main"": {""amount"": 15}, ""side"": []}, ""community_card"": [], ""dealer_btn"": 0, ""next_player"": 1, ""small_blind_pos"": 1, ""big_blind_pos"": 0, ""round_count"": 11, ""small_blind_amount"": 5, ""seats"": [{""name"": ""fish"", ""uuid"": ""quhhrzmeflctzsilnbjrww"", ""stack"": 365, ""state"": ""participating""}, {""name"": ""folder"", ""uuid"": ""zygjazkhophohdcmbzvxln"", ""stack"": 20, ""state"": ""participating""}, {""name"": ""raiser"", ""uuid"": ""yfhsbmzuimwlkloceocxth"", ""stack"": 0, ""state"": ""folded""}, {""name"": ""random"", ""uuid"": ""irbeepfvsxmnoyhyaoxdzo"", ""stack"": 0, ""state"": ""folded""}], ""action_histories"": {""preflop"": [{""action"": ""SMALLBLIND"", ""amount"": 5, ""add_amount"": 5, ""uuid"": ""zygjazkhophohdcmbzvxln""}, {""action"": ""BIGBLIND"", ""amount"": 10, ""add_amount"": 5, ""uuid"": ""quhhrzmeflctzsilnbjrww""}]}}",fold,0
"['CK', 'D3']","{""street"": ""preflop"", ""pot"": {""main"": {""amount"": 15}, ""side"": []}, ""community_card"": [], ""dealer_btn"": 1, ""next_player"": 0, ""small_blind_pos"": 0, ""big_blind_pos"": 1, ""round_count"": 12, ""small_blind_amount"": 5, ""seats"": [{""name"": ""fish"", ""uuid"": ""quhhrzmeflctzsilnbjrww"", ""stack"": 375, ""state"": ""participating""}, {""name"": ""folder"", ""uuid"": ""zygjazkhophohdcmbzvxln"", ""stack"": 10, ""state"": ""participating""}, {""name"": ""raiser"", ""uuid"": ""yfhsbmzuimwlkloceocxth"", ""stack"": 0, ""state"": ""folded""}, {""name"": ""random"", ""uuid"": ""irbeepfvsxmnoyhyaoxdzo"", ""stack"": 0, ""state"": ""folded""}], ""action_histories"": {""preflop"": [{""action"": ""SMALLBLIND"", ""amount"": 5, ""add_amount"": 5, ""uuid"": ""quhhrzmeflctzsilnbjrww""}, {""action"": ""BIGBLIND"", ""amount"": 10, ""add_amount"": 5, ""uuid"": ""zygjazkhophohdcmbzvxln""}]}}",call,10
"['DA', 'H3']","{""street"": ""preflop"", ""pot"": {""main"": {""amount"": 20}, ""side"": []}, ""community_card"": [], ""dealer_btn"": 1, ""next_player"": 1, ""small_blind_pos"": 0, ""big_blind_pos"": 1, ""round_count"": 12, ""small_blind_amount"": 5, ""seats"": [{""name"": ""fish"", ""uuid"": ""quhhrzmeflctzsilnbjrww"", ""stack"": 370, ""state"": ""participating""}, {""name"": ""folder"", ""uuid"": ""zygjazkhophohdcmbzvxln"", ""stack"": 10, ""state"": ""participating""}, {""name"": ""raiser"", ""uuid"": ""yfhsbmzuimwlkloceocxth"", ""stack"": 0, ""state"": ""folded""}, {""name"": ""random"", ""uuid"": ""irbeepfvsxmnoyhyaoxdzo"", ""stack"": 0, ""state"": ""folded""}], ""action_histories"": {""preflop"": [{""action"": ""SMALLBLIND"", ""amount"": 5, ""add_amount"": 5, ""uuid"": ""quhhrzmeflctzsilnbjrww""}, {""action"": ""BIGBLIND"", ""amount"": 10, ""add_amount"": 5, ""uuid"": ""zygjazkhophohdcmbzvxln""}, {""action"": ""CALL"", ""amount"": 10, ""paid"": 5, ""uuid"": ""quhhrzmeflctzsilnbjrww""}]}}",fold,0
"['H6', 'D6']","{""street"": ""preflop"", ""pot"": {""main"": {""amount"": 15}, ""side"": []}, ""community_card"": [], ""dealer_btn"": 0, ""next_player"": 1, ""small_blind_pos"": 1, ""big_blind_pos"": 0, ""round_count"": 13, ""small_blind_amount"": 5, ""seats"": [{""name"": ""fish"", ""uuid"": ""quhhrzmeflctzsilnbjrww"", ""stack"": 380, ""state"": ""participating""}, {""name"": ""folder"", ""uuid"": ""zygjazkhophohdcmbzvxln"", ""stack"": 5, ""state"": ""participating""}, {""name"": ""raiser"", ""uuid"": ""yfhsbmzuimwlkloceocxth"", ""stack"": 0, ""state"": ""folded""}, {""name"": ""random"", ""uuid"": ""irbeepfvsxmnoyhyaoxdzo"", ""stack"": 0, ""state"": ""folded""}], ""action_histories"": {""preflop"": [{""action"": ""SMALLBLIND"", ""amount"": 5, ""add_amount"": 5, ""uuid"": ""zygjazkhophohdcmbzvxln""}, {""action"": ""BIGBLIND"", ""amount"": 10, ""add_amount"": 5, ""uuid"": ""quhhrzmeflctzsilnbjrww""}]}}",fold,0
